{
    "last_module": "AdClickerUI",
    "threads": "51",
    "visits": "101",
    "domain": "google.com",
    "post_url_list": "",
    "min_pages": "3",
    "max_pages": "51",
    "direct_traffic": true,
    "google_search_traffic": true,
    "bing_search_traffic": false,
    "duckduckgo_search_traffic": false,
    "yahoo_search_traffic": false,
    "pinterest_traffic": true,
    "quora_traffic": false,
    "twitter_traffic": false,
    "facebook_traffic": false,
    "medium_traffic": false
}