{
    "fingerprint_provider": "Bablosoft API",
    "bablosoft_api_key": "your_bablosoft_api_key_here",
    "proxygeo_api_key": "",
    "fingerprint_age": "Last 30 Days",
    "custom_devices": true,
    "devices": {
        "Mobile": true,
        "Windows": false,
        "Mac": true,
        "Android": true,
        "Linux": false,
        "iPad": false,
        "iPhone": true,
        "Edge": false,
        "Chrome": true,
        "Safari": false,
        "Firefox": true,
        "IE": false
    }
}
